dataset,method,n_images,accuracy_mean,accuracy_std,accuracy_min,accuracy_max,precision_mean,precision_std,precision_min,precision_max,recall_mean,recall_std,recall_min,recall_max,specificity_mean,specificity_std,specificity_min,specificity_max,f1_score_mean,f1_score_std,f1_score_min,f1_score_max,iou_mean,iou_std,iou_min,iou_max,false_positive_rate_mean,false_positive_rate_std,false_positive_rate_min,false_positive_rate_max,false_negative_rate_mean,false_negative_rate_std,false_negative_rate_min,false_negative_rate_max,balanced_accuracy_mean,balanced_accuracy_std,balanced_accuracy_min,balanced_accuracy_max,dice_mean,dice_std,dice_min,dice_max
DRIVE,APSRG,3,0.9055128319192159,0.014104369851498075,0.8938589840788476,0.9211923758865248,0.6719094904381223,0.3603349491675816,0.25754643962848295,0.9117823324943066,0.22401497195180808,0.14095494911980605,0.061296859169199594,0.3086004056795132,0.9898321914359262,0.007641741360703283,0.9814164563889709,0.996337397362528,0.33515906454913164,0.20465039968865134,0.09902537013615058,0.4611281180856545,0.21272889324229974,0.13927247643740626,0.052091894642088375,0.2996533522413929,0.010167808564073726,0.007641741360703242,0.003662602637472008,0.018583543611029044,0.775985028048192,0.14095494911980608,0.6913995943204868,0.9387031408308004,0.6069235816938671,0.07415457983207327,0.5213566577790852,0.6524689015210206,0.33515906454913164,0.20465039968865134,0.09902537013615058,0.4611281180856545
DRIVE,CA-APSRG,3,0.9054774386105597,0.014060691059973105,0.8938589840788476,0.9211081560283688,0.6718617381454847,0.36028201682131167,0.25754643962848295,0.9115809706871696,0.22367974181717146,0.1406588168211358,0.061296859169199594,0.30782961460446245,0.9898355603789878,0.00764300689942688,0.9814164563889709,0.996337397362528,0.33478110880397316,0.20431120721228113,0.09902537013615058,0.460241402316977,0.21241125294255192,0.13898504141794563,0.052091894642088375,0.29890490821712756,0.010164439621012232,0.007643006899426827,0.003662602637472008,0.018583543611029044,0.7763202581828286,0.14065881682113582,0.6921703853955375,0.9387031408308004,0.6067576510980796,0.07400601158498946,0.5213566577790852,0.6520835059834953,0.33478110880397316,0.20431120721228113,0.09902537013615058,0.460241402316977
